{
    "pi": 3.14159,
    "e": 2.71828
}